,CRIM,ZN,INDUS,CHAS,NOX,RM,AGE,DIS,RAD,TAX,PTRATIO,B,LSTAT,MEDV
0,-3.6005023434965233,-inf,7.07,0,0.469,6.421,8.882567196480982,1.602836168799538,2,5.488937726156687,17.8,396.9,3.023243291566195,21.6
1,-3.60123494426189,-inf,7.07,0,0.469,7.135,7.816648898345122,1.602836168799538,2,5.488937726156687,17.8,392.83,2.0074859899884734,34.7
2,-3.430523211043984,-inf,2.18,0,0.458,6.998,6.767569726275452,1.802072770503119,3,5.402677381872279,18.7,394.63,1.7146428199482247,33.4
3,-2.672924399126836,-inf,2.18,0,0.458,7.135,7.362064927722384,1.802072770503119,3,5.402677381872279,18.7,396.9,2.3086792761230392,36.2
4,-3.511570439143526,-inf,2.18,0,0.458,6.43,7.661592523751182,1.802072770503119,3,5.402677381872279,18.7,394.12,2.2825424421026654,28.7
5,-2.427128428068646,2.5257286443082556,7.87,0,0.524,6.012,8.160882305241266,1.7156880322767596,5,5.739792912179234,15.2,395.6,3.5256205127608387,22.9
6,-1.934129810519782,2.5257286443082556,7.87,0,0.524,6.172,9.803060746521975,1.7834752496403574,5,5.739792912179234,15.2,396.9,4.376071297408213,27.1
7,-1.5547603511434045,2.5257286443082556,7.87,0,0.524,5.631,10.0,1.805350031079887,5,5.739792912179234,15.2,386.63,5.470831746635972,16.5
8,-1.7717215754915476,2.5257286443082556,7.87,0,0.524,6.004,9.268225288586807,1.8858719623950215,5,5.739792912179234,15.2,386.71,4.135214625627067,18.9
9,-1.492143885211743,2.5257286443082556,7.87,0,0.524,6.377,9.710818709048171,1.8479349927821578,5,5.739792912179234,15.2,392.52,4.522167621838006,15.0
10,-2.1415722971463422,2.5257286443082556,7.87,0,0.524,6.009,9.10494371207203,1.8288464974373158,5,5.739792912179234,15.2,396.9,3.642801120017397,18.9
11,-2.3668036653206967,2.5257286443082556,7.87,0,0.524,5.889,6.244997998398398,1.6957807326561167,5,5.739792912179234,15.2,390.5,3.963584236521283,21.7
12,-0.46241648455830314,-inf,8.14,0,0.538,5.949,7.861297602813418,1.5491569815491704,4,5.726847747587197,21.0,396.9,2.874021572639983,20.4
13,-0.44947969352758377,-inf,8.14,0,0.538,6.096,9.192388155425117,1.4955746842845248,4,5.726847747587197,21.0,380.02,3.2031234756093934,18.2
14,-0.4661869221476103,-inf,8.14,0,0.538,5.834,7.516648189186454,1.5037662372600613,4,5.726847747587197,21.0,395.62,2.91032644217105,19.9
15,0.05252603425144661,-inf,8.14,0,0.538,5.935,5.412947441089743,1.5037662372600613,4,5.726847747587197,21.0,386.85,2.565151067676132,23.1
16,-0.2430911891239058,-inf,8.14,0,0.538,5.99,9.038805230781334,1.4487760809911847,4,5.726847747587197,21.0,386.75,3.8301436004411116,17.5
17,-0.2197617759678016,-inf,8.14,0,0.538,5.456,6.04979338490167,1.3340795896711515,4,5.726847747587197,21.0,288.99,3.4190641994557516,20.2
18,-0.3204807842031671,-inf,8.14,0,0.538,5.727,8.336666000266533,1.3340795896711515,4,5.726847747587197,21.0,390.95,3.358571124749333,18.2
19,0.22457452697999086,-inf,8.14,0,0.538,5.57,9.904544411531507,1.3344482823962802,4,5.726847747587197,21.0,376.57,4.58475735453906,13.6
20,-0.1601218048980534,-inf,8.14,0,0.538,5.965,9.444575162494075,1.3893646429771087,4,5.726847747587197,21.0,392.53,3.7188707963574106,19.6
21,0.20902028586767565,-inf,8.14,0,0.538,6.142,9.57601169589929,1.3805026213280807,4,5.726847747587197,21.0,396.9,4.326661530556787,15.2
22,-0.011637453244120754,-inf,8.14,0,0.538,5.813,10.0,1.4098155561612364,4,5.726847747587197,21.0,394.54,4.458699361921591,14.5
23,-0.2873354658601195,-inf,8.14,0,0.538,5.924,9.70051545022222,1.4815136277008245,4,5.726847747587197,21.0,394.33,4.03732584763727,15.6
24,-0.17371073654605956,-inf,8.14,0,0.538,5.599,9.257429448826494,1.4939372701352471,4,5.726847747587197,21.0,303.42,4.063249930782009,13.9
25,-0.397630875999648,-inf,8.14,0,0.538,5.813,9.50263121456368,1.5437253690687192,4,5.726847747587197,21.0,376.88,3.8483762809787714,16.6
26,-0.04523798065019433,-inf,8.14,0,0.538,6.047,9.423375191511797,1.49366784938822,4,5.726847747587197,21.0,306.38,4.156921938165306,14.8
27,-0.2574891670890018,-inf,8.14,0,0.538,6.495,9.715966241192895,1.4939597185879885,4,5.726847747587197,21.0,387.94,3.5777087639996634,18.4
28,0.002447003643051847,-inf,8.14,0,0.538,6.674,9.343446901438462,1.4443273923705,4,5.726847747587197,21.0,380.23,3.461213659975356,21.0
29,0.12293419009497764,-inf,8.14,0,0.538,5.713,9.70051545022222,1.4429109615387865,4,5.726847747587197,21.0,360.17,4.753945729601885,12.7
30,0.30359479091182995,-inf,8.14,0,0.538,6.072,10.0,1.4291143583028187,4,5.726847747587197,21.0,376.73,3.6110940170535577,14.5
31,0.3278566574477085,-inf,8.14,0,0.538,5.95,9.055385138137417,1.3837912309017721,4,5.726847747587197,21.0,232.6,5.264028875300743,13.2
32,0.14125647717535533,-inf,8.14,0,0.538,5.701,9.746794344808963,1.3316269597775825,4,5.726847747587197,21.0,358.77,4.283689998120779,13.1
33,0.477984199611674,-inf,8.14,0,0.538,6.096,9.843779761859771,1.324365764497724,4,5.726847747587197,21.0,248.31,4.509988913511872,13.5
34,-2.746219467219713,-inf,5.96,0,0.499,5.933,8.258329128825032,1.2120302557036664,5,5.631211781821365,19.2,396.9,3.111269837220809,18.9
35,-2.3285184750205503,-inf,5.96,0,0.499,5.841,7.835815209663893,1.2172542146318501,5,5.631211781821365,19.2,377.56,3.3778691508109073,20.0
36,-2.5239801737741385,-inf,5.96,0,0.499,5.85,6.442049363362563,1.3697075575154918,5,5.631211781821365,19.2,396.9,2.9614185789921694,21.0
37,-1.7426836315814622,-inf,5.96,0,0.499,5.966,5.495452665613635,1.3473716035734287,5,5.631211781821365,19.2,393.43,3.1827660925679098,24.7
38,-3.5888531400468118,4.31748811353631,2.95,0,0.428,6.595,4.669047011971501,1.68660263652915,3,5.529429087511423,18.3,395.63,2.078460969082653,30.8
39,-3.3935268753579355,4.31748811353631,2.95,0,0.428,7.024,3.9749213828703582,1.68660263652915,3,5.529429087511423,18.3,395.62,1.407124727947029,34.9
40,-2.060109613380344,-inf,6.91,0,0.448,6.77,1.70293863659264,1.7441261356719917,3,5.4510384535657,17.9,385.41,2.2,26.6
41,-1.9554555618988447,-inf,6.91,0,0.448,6.169,2.569046515733026,1.7441261356719917,3,5.4510384535657,17.9,383.37,2.41039415863879,25.3
42,-1.8365894851458489,-inf,6.91,0,0.448,6.211,2.5495097567963922,1.7441261356719917,3,5.4510384535657,17.9,394.46,2.727636339397171,24.7
43,-2.098094430179046,-inf,6.91,0,0.448,6.069,6.324555320336759,1.7441261356719917,3,5.4510384535657,17.9,389.39,3.0903074280724887,21.2
44,-1.7636385935114005,-inf,6.91,0,0.448,5.682,5.813776741499453,1.6293189680272497,3,5.4510384535657,17.9,396.9,3.1953090617340916,19.3
45,-1.6694002536067831,-inf,6.91,0,0.448,5.786,5.770615218501403,1.6293189680272497,3,5.4510384535657,17.9,396.9,3.7616485747608057,20.0
46,-1.4728549306475662,-inf,6.91,0,0.448,6.03,9.246621004453464,1.7386047944235348,3,5.4510384535657,17.9,392.74,4.33589667773576,16.6
47,-1.3709329540071915,-inf,6.91,0,0.448,5.399,9.762171889492624,1.7698546338400052,3,5.4510384535657,17.9,396.9,5.550675634551167,14.4
48,-1.5151737340440177,-inf,6.91,0,0.448,5.602,7.874007874011811,1.806270342078466,3,5.4510384535657,17.9,396.9,4.024922359499621,19.4
49,-2.4221572281348904,3.044522437723423,5.64,0,0.439,5.963,6.760177512462229,1.9190820436366434,4,5.493061443340548,16.8,395.56,3.6674241641784495,19.7
50,-3.137987321134862,3.044522437723423,5.64,0,0.439,6.115,7.937253933193772,1.9190820436366434,4,5.493061443340548,16.8,393.97,3.0708305065568173,20.5
51,-2.926206210905381,3.044522437723423,5.64,0,0.439,6.511,4.5934736311423405,1.9190820436366434,4,5.493061443340548,16.8,396.9,2.2978250586152114,25.0
52,-2.9995395118969452,3.044522437723423,5.64,0,0.439,5.998,4.626013402488151,1.9190820436366434,4,5.493061443340548,16.8,396.9,2.903446228191595,23.4
53,-4.29768548624013,4.31748811353631,4.0,0,0.41,5.888,6.899275324264136,1.990569343526812,3,6.150602768446279,21.0,396.9,3.847076812334269,18.9
54,-4.334379981206529,4.499809670330265,1.22,0,0.409,7.135,4.679743582719036,2.162932144678819,5,5.420534999272286,17.9,395.93,2.1931712199461306,35.4
55,-3.8848943380398935,4.442651256490317,0.74,0,0.41,6.383,5.974947698515862,2.2178547488334623,2,5.746203190540153,17.3,396.9,2.4020824298928627,24.7
56,-4.2460981174496375,4.605170185988092,1.32,0,0.411,6.816,6.363961030678928,2.119239011553902,5,5.545177444479562,15.1,392.9,1.9874606914351791,31.6
57,-1.8678848596175464,3.2188758248682006,5.13,0,0.453,6.145,5.403702434442518,2.0560193717353434,8,5.648974238161206,19.7,390.68,2.619160170741759,23.3
58,-2.27031153244375,3.2188758248682006,5.13,0,0.453,5.927,6.870225614927067,1.9361483718533596,8,5.648974238161206,19.7,396.9,3.0364452901377956,19.6
59,-1.901663624935754,3.2188758248682006,5.13,0,0.453,5.741,8.136338242723197,1.977602595787803,8,5.648974238161206,19.7,395.11,3.626292872893749,18.7
60,-1.7619482716564259,3.2188758248682006,5.13,0,0.453,5.966,9.664367542679656,1.9196395063157516,8,5.648974238161206,19.7,378.08,3.8,16.0
61,-2.20482337521155,3.2188758248682006,5.13,0,0.453,6.456,8.23407554009556,1.9776164357562482,8,5.648974238161206,19.7,396.9,2.5942243542145698,22.2
62,-2.0675129708145623,3.2188758248682006,5.13,0,0.453,6.762,6.587867636800241,2.077051187057198,8,5.648974238161206,19.7,395.58,3.082207001484488,25.0
63,-3.9368281243471173,2.8622008809294686,1.38,0,0.4161,7.104,7.713624310270756,2.221689521735732,3,5.375278407684165,18.6,393.24,2.8372521918222215,33.0
64,-3.3286906908754075,4.382026634673881,3.37,0,0.409,6.29,4.219004621945797,1.8888105570147407,4,5.820082930352362,16.1,396.9,2.1610182784974308,23.5
65,-3.12834979816883,4.382026634673881,3.37,0,0.409,5.787,5.576737397439475,1.8888105570147407,4,5.820082930352362,16.1,396.9,3.2,19.4
66,-2.849210620891224,2.5257286443082556,6.07,0,0.409,5.878,4.626013402488151,1.8714944372469087,4,5.84354441703136,18.9,396.21,2.8460498941515415,22.0
67,-1.9984884792741702,2.5257286443082556,6.07,0,0.409,5.594,6.06630035524124,1.8714944372469087,4,5.84354441703136,18.9,396.9,3.6180105030251086,17.4
68,-2.054475795662088,2.5257286443082556,6.07,0,0.409,5.885,5.744562646538029,1.8714944372469087,4,5.84354441703136,18.9,396.9,2.9647934160747185,20.9
69,-2.4274682751407357,-inf,10.81,0,0.413,6.417,2.569046515733026,1.665307718597909,4,5.720311776607412,19.2,383.73,2.592296279363144,24.2
70,-1.8403616510672725,-inf,10.81,0,0.413,5.961,4.183300132670378,1.665307718597909,4,5.720311776607412,19.2,376.94,3.1432467291003423,21.7
71,-2.389887421396842,-inf,10.81,0,0.413,6.065,2.792848008753788,1.665307718597909,4,5.720311776607412,19.2,390.91,2.349468024894146,22.8
72,-1.632757717755717,-inf,10.81,0,0.413,6.245,2.4899799195977463,1.665307718597909,4,5.720311776607412,19.2,377.17,2.745906043549196,23.4
73,-2.538813883856911,-inf,12.83,0,0.437,6.273,2.449489742783178,1.4472718618437102,5,5.986452005284438,18.7,394.92,2.6038433132583076,24.1
74,-2.3526160265996108,-inf,12.83,0,0.437,6.286,6.708203932499369,1.5046550077047365,5,5.986452005284438,18.7,383.23,2.9899832775452104,21.4
75,-2.2874009576690058,-inf,12.83,0,0.437,6.279,8.631338250816034,1.3992599435099138,5,5.986452005284438,18.7,373.66,3.459768778401239,20.0
76,-2.441042886141613,-inf,12.83,0,0.437,6.14,6.767569726275452,1.4086672119716157,5,5.986452005284438,18.7,386.96,3.2046840717924128,20.8
77,-2.8742228561567935,-inf,12.83,0,0.437,6.232,7.328028384224504,1.6122539436935819,5,5.986452005284438,18.7,386.4,3.5128336140500593,21.2
78,-2.478487297985817,-inf,12.83,0,0.437,5.874,6.04979338490167,1.5046550077047365,5,5.986452005284438,18.7,396.06,3.0166206257996713,20.3
79,-3.1910174967398044,3.2188758248682006,4.86,0,0.426,6.727,5.787918451395113,1.6865285747986638,4,5.638354669333745,19.0,396.9,2.3,28.0
80,-3.1095730899777507,3.2188758248682006,4.86,0,0.426,6.619,8.390470785361213,1.6865285747986638,4,5.638354669333745,19.0,395.63,2.6870057685088806,23.9
81,-3.3079802999510215,3.2188758248682006,4.86,0,0.426,6.302,5.674504383644443,1.6865285747986638,4,5.638354669333745,19.0,396.9,2.592296279363144,24.8
82,-3.3379409320271405,3.2188758248682006,4.86,0,0.426,6.167,6.833739825307955,1.6865285747986638,4,5.638354669333745,19.0,390.64,2.7404379212089442,22.9
83,-2.9840013506782923,-inf,4.49,0,0.449,6.389,6.928203230275509,1.5643150156121397,3,5.5093883366279774,18.5,396.9,3.1016124838541645,23.9
84,-2.8585824354067575,-inf,4.49,0,0.449,6.63,7.489993324429602,1.4901362242084286,3,5.5093883366279774,18.5,392.3,2.5553864678361276,26.6
85,-2.958821919533894,-inf,4.49,0,0.449,6.015,6.715653356152326,1.4877673300505243,3,5.5093883366279774,18.5,395.99,3.5860842154082215,22.5
86,-2.6379179789218323,-inf,4.49,0,0.449,6.121,7.536577472566709,1.321115635094896,3,5.5093883366279774,18.5,395.15,2.90516780926679,22.2
87,-2.871746293773,-inf,3.41,0,0.489,7.007,9.289779329994873,1.2301375035965438,2,5.598421958998375,17.8,396.9,2.345207879911715,23.6
88,-2.9370860781212578,-inf,3.41,0,0.489,7.079,7.9435508432942,1.2280310694190069,2,5.598421958998375,17.8,396.06,2.3874672772626644,28.7
89,-3.0610177402526206,-inf,3.41,0,0.489,6.417,8.130190649671137,1.1289151505981556,2,5.598421958998375,17.8,392.18,2.968164415931166,22.6
90,-3.2360219837031714,-inf,3.41,0,0.489,6.405,8.596510920134982,1.1288504717287196,2,5.598421958998375,17.8,393.55,2.8635642126552705,22.0
91,-3.1693716299651116,3.332204510175204,15.04,0,0.464,6.442,7.321202087089251,1.2990738713586183,4,5.598421958998375,18.2,395.01,2.85657137141714,22.9
92,-3.5491175117387774,3.332204510175204,15.04,0,0.464,6.211,5.375872022286245,1.2990738713586183,4,5.598421958998375,18.2,396.33,2.4919871588754225,25.0
93,-3.147951486531502,3.332204510175204,15.04,0,0.464,6.249,8.792041856133306,1.285091855610728,4,5.598421958998375,18.2,396.9,3.254228019054596,20.6
94,-2.1034064191336683,-inf,2.89,0,0.445,6.625,7.602631123499285,1.251390598655089,2,5.62040086571715,18.0,357.98,2.5787593916455256,28.4
95,-2.1624753850094005,-inf,2.89,0,0.445,6.163,8.342661445845684,1.251390598655089,2,5.62040086571715,18.0,391.83,3.3674916480965473,21.4
96,-2.6794627442502974,-inf,2.89,0,0.445,7.135,7.905694150420948,1.251390598655089,2,5.62040086571715,18.0,396.9,2.487971060924946,33.2
97,-1.9060934596849897,-inf,8.56,0,0.52,6.727,8.938679992034618,1.0216592474999815,5,5.950642552587727,20.9,394.76,3.069201850644561,27.5
98,-2.168753745360525,-inf,8.56,0,0.52,6.781,8.44393273303382,1.0494570578699642,5,5.950642552587727,20.9,395.58,2.7694764848252458,26.5
99,-1.4750818599350217,-inf,8.56,0,0.52,6.405,9.241212041718338,0.9986814500430602,5,5.950642552587727,20.9,70.8,3.2603680773802215,18.6
100,-1.5530103211354571,-inf,8.56,0,0.52,6.137,9.348796714016196,0.9986814500430602,5,5.950642552587727,20.9,394.47,3.666060555964672,19.3
101,-1.968974088653865,-inf,8.56,0,0.52,6.167,9.486832980505138,0.8841806779559214,5,5.950642552587727,20.9,392.69,3.5114099732158874,20.1
102,-2.0202673830414155,-inf,8.56,0,0.52,5.851,9.833615815151617,0.7452176728509474,5,5.950642552587727,20.9,394.05,4.058324777540605,19.5
103,-1.7649228152744953,-inf,8.56,0,0.52,5.836,9.586448768965493,0.7934449018753091,5,5.950642552587727,20.9,395.67,4.319722213291035,19.5
104,-2.0312610871550825,-inf,8.56,0,0.52,6.127,9.23038460737146,0.7525475238413928,5,5.950642552587727,20.9,387.69,3.753664875824692,20.4
105,-2.0555687772682796,-inf,8.56,0,0.52,6.474,9.85393322486001,0.8890839614359387,5,5.950642552587727,20.9,395.24,3.502855977627399,19.8
106,-1.3332086740283013,-inf,8.56,0,0.52,6.229,9.549869109050658,0.9341699419613918,5,5.950642552587727,20.9,391.23,3.943348830626071,19.4
107,-2.2262724101448823,-inf,8.56,0,0.52,6.195,7.37563556583431,1.0216592474999815,5,5.950642552587727,20.9,393.49,3.605551275463989,21.7
108,-2.294220176662418,-inf,10.01,0,0.547,6.715,9.033271832508971,0.9848835233397668,6,6.068425588244111,17.8,395.59,3.1874754901018454,22.8
109,-2.0932159751016757,-inf,10.01,0,0.547,5.913,9.638464608017193,0.8558610910476916,6,6.068425588244111,17.8,394.95,4.026164427839479,18.8
110,-1.5045375026087306,-inf,10.01,0,0.547,6.092,9.767292357659825,0.935308737709917,6,6.068425588244111,17.8,396.9,4.1340053217188775,18.7
111,-1.9497475022865685,-inf,10.01,0,0.547,6.254,9.17605579756357,0.8138149402849189,6,6.068425588244111,17.8,388.74,3.2326459750489227,18.5
112,-1.764105392446239,-inf,10.01,0,0.547,5.928,9.391485505499118,0.9014207192074265,6,6.068425588244111,17.8,344.91,3.9698866482558417,18.3
113,-2.028140247324285,-inf,10.01,0,0.547,6.176,8.514693182963201,1.0043382385626352,6,6.068425588244111,17.8,393.3,3.4698703145794942,21.2
114,-1.8906079012706583,-inf,10.01,0,0.547,6.021,9.08845421400141,1.0106550099089677,6,6.068425588244111,17.8,394.51,3.2093613071762426,19.2
115,-2.0357692132236496,-inf,10.01,0,0.547,5.872,8.549853799919621,0.907249987222006,6,6.068425588244111,17.8,338.63,3.9204591567825315,20.4
116,-1.9326780802865953,-inf,10.01,0,0.547,5.731,8.07465169527454,1.0149407826404941,6,6.068425588244111,17.8,391.5,3.6891733491393435,19.3
117,-2.67379371242412,-inf,25.65,0,0.581,5.87,8.34865258589672,0.8143465959617898,2,5.236441962829949,19.1,389.15,3.790778284204973,22.0
118,-2.635962124707956,-inf,25.65,0,0.581,6.004,9.1706052144883,0.7872748432846436,2,5.236441962829949,19.1,377.67,3.7775653535048206,20.3
119,-2.3752633184920313,-inf,25.65,0,0.581,5.961,9.638464608017193,0.7356797112786478,2,5.236441962829949,19.1,378.09,4.2343830719480255,20.5
120,-1.8945898550322562,-inf,25.65,0,0.581,5.856,9.848857801796104,0.6649534461891633,2,5.236441962829949,19.1,370.31,5.040833264451424,17.3
121,-2.317800258800526,-inf,25.65,0,0.581,5.879,9.787747442593725,0.6962922297040182,2,5.236441962829949,19.1,379.38,4.192851058647325,18.8
122,-1.7777382278658007,-inf,25.65,0,0.581,5.986,9.402127418834526,0.6895908643571681,2,5.236441962829949,19.1,385.02,3.8483762809787714,21.4
123,-0.9484266019042255,-inf,25.65,0,0.581,5.613,9.777525249264253,0.5637216331194875,2,5.236441962829949,19.1,359.29,5.221110992882645,15.7
124,-1.3503482343464215,-inf,21.89,0,0.624,5.693,9.797958971132712,0.5812654479118535,4,6.07993319509559,21.0,392.11,4.146082488325576,16.2
125,-1.1226078942243305,-inf,21.89,0,0.624,6.431,9.939818911831342,0.5947071077466928,4,6.07993319509559,21.0,396.9,3.9230090491866063,18.0
126,-0.12641392485565867,-inf,21.89,0,0.624,5.637,9.731392500562292,0.6830463383805158,4,6.07993319509559,21.0,396.9,4.282522621072771,14.3
127,-1.0786332063527975,-inf,21.89,0,0.624,6.458,9.944847912361455,0.7507082910844769,4,6.07993319509559,21.0,395.04,3.5496478698597698,19.2
128,0.17642084847298606,-inf,21.89,0,0.624,6.326,9.884331034521255,0.8202202631234213,4,6.07993319509559,21.0,396.9,3.5014282800023193,19.6
129,-0.5275479999103794,-inf,21.89,0,0.624,6.372,9.894442884771228,0.8447517646918394,4,6.07993319509559,21.0,385.76,3.334666400106613,23.0
130,-1.109208227881513,-inf,21.89,0,0.624,5.822,9.767292357659825,0.9041776639903529,4,6.07993319509559,21.0,388.69,3.8768543949960255,18.4
131,-0.024118527408807797,-inf,21.89,0,0.624,5.757,9.919677414109795,0.8527117502312838,4,6.07993319509559,21.0,262.76,4.160528812542944,15.6
132,-0.5837906595767728,-inf,21.89,0,0.624,6.335,9.909591313469996,0.747019646024435,4,6.07993319509559,21.0,394.67,4.1182520563948,18.1
133,-1.1312181284170244,-inf,21.89,0,0.624,5.942,9.669539802906858,0.6764586992737099,4,6.07993319509559,21.0,378.25,4.110960958218893,17.4
134,-1.0431870425627,-inf,21.89,0,0.624,6.454,9.919677414109795,0.6150775251380227,4,6.07993319509559,21.0,394.08,3.819685850956856,17.1
135,-1.3870946812906597,-inf,21.89,0,0.624,5.857,9.909591313469996,0.5119849514858371,4,6.07993319509559,21.0,392.04,4.6173585522460785,13.3
136,-0.6078506063378647,-inf,21.89,0,0.624,6.151,9.894442884771228,0.5120448801707201,4,6.07993319509559,21.0,396.9,4.296510211788167,17.8
137,-1.2347757134809811,-inf,21.89,0,0.624,6.174,9.674709297958259,0.4774136074207485,4,6.07993319509559,21.0,388.08,4.915282290977803,14.0
138,0.4877453107218927,-inf,21.89,0,0.624,5.304,10.0,0.36422636009156684,4,6.07993319509559,21.0,396.9,5.866003750424985,14.4
139,1.200280997987386,-inf,19.58,1,0.77,5.403,10.0,0.27884312378457665,5,5.998936561946683,14.7,396.9,5.1788029504896205,13.4
140,1.4103526262129615,-inf,19.58,0,0.77,5.468,10.0,0.3448654859792347,5,5.998936561946683,14.7,396.9,5.140038910358559,15.6
141,1.0223573981489371,-inf,19.58,0,0.77,5.304,9.889388252060893,0.297062934257533,5,5.998936561946683,14.7,396.9,5.412023651093923,11.8
142,0.8668231383012291,-inf,19.58,0,0.77,6.13,10.0,0.3500228678583548,5,5.998936561946683,14.7,172.91,5.272570530585627,13.8
143,0.7678139251427007,-inf,19.58,0,0.77,5.628,10.0,0.41647098728469806,5,5.998936561946683,14.7,169.27,4.080441152620633,15.6
144,0.8623075070760768,-inf,19.58,0,0.77,5.304,9.78263768111648,0.37898423085856703,5,5.998936561946683,14.7,391.71,5.43415126767741,14.6
145,0.8462930700401279,-inf,19.58,0,0.77,5.304,9.6850400102426,0.42500626331499985,5,5.998936561946683,14.7,356.99,5.321653878260029,17.8
146,1.0057547653081238,-inf,19.58,0,0.77,5.597,9.741663102366044,0.42245332113701944,5,5.998936561946683,14.7,351.85,4.631414470763764,15.4
147,0.5047673091820267,-inf,19.58,0,0.77,6.122,9.864076236526156,0.48119081863630003,5,5.998936561946683,14.7,372.8,3.7549966711037173,21.5
148,0.4030087604214572,-inf,19.58,0,0.77,5.404,10.0,0.46473979957063644,5,5.998936561946683,14.7,341.6,3.6441734316577197,19.6
149,0.11918649479116296,-inf,19.58,1,0.77,5.304,9.38083151964686,0.4763583948837434,5,5.998936561946683,14.7,343.28,3.481379037105842,15.3
150,0.7650863740410299,-inf,19.58,0,0.77,5.709,9.924716620639604,0.4843995095294679,5,5.998936561946683,14.7,261.95,3.9736632972611052,19.4
151,0.3463164798105087,-inf,19.58,1,0.77,6.129,9.797958971132712,0.5592728720036175,5,5.998936561946683,14.7,321.02,3.888444419044716,17.0
152,1.262716128198849,-inf,19.58,1,0.77,6.152,9.08845421400141,0.5570410475629537,5,5.998936561946683,14.7,88.01,3.8755644750152203,15.6
153,0.8947320035347462,-inf,19.58,0,0.77,5.304,9.695359714832659,0.5518140044433014,5,5.998936561946683,14.7,88.63,4.017461885320134,13.1
154,0.2947867741817126,-inf,19.58,0,0.605,6.066,10.0,0.5637785402186635,5,5.998936561946683,14.7,353.89,2.535744466621193,24.3
155,0.3541858487098422,-inf,19.58,0,0.77,6.51,10.0,0.5686604754369415,5,5.998936561946683,14.7,364.31,2.7184554438136375,23.3
156,0.24173760544271178,-inf,19.58,1,0.605,6.25,9.622889378975527,0.5868973807172349,5,5.998936561946683,14.7,338.92,2.345207879911715,27.0
157,0.8075288826786605,-inf,19.58,0,0.605,5.854,9.581231653602787,0.8845936451309006,5,5.998936561946683,14.7,395.11,3.411744421846396,22.7
158,1.072952541887532,-inf,19.58,0,0.605,6.101,9.643650760992955,0.8256655602600897,5,5.998936561946683,14.7,240.16,3.132091952673165,25.0
159,0.5879422083601638,-inf,19.58,0,0.605,5.877,8.899438184514796,0.8862025895568697,5,5.998936561946683,14.7,227.61,3.4842502780368694,23.8
160,0.833083020857462,-inf,19.58,0,0.605,6.319,9.803060746521975,0.7419373447293773,5,5.998936561946683,14.7,297.09,3.331666249791536,23.8
161,0.8958961694189218,-inf,19.58,0,0.605,6.402,9.757048734120374,0.8164703965919442,5,5.998936561946683,14.7,330.04,3.3645207682521443,22.3
162,0.18848585176179927,-inf,19.58,0,0.605,5.875,9.726253132630262,0.8862025895568697,5,5.998936561946683,14.7,292.29,3.7986839826445156,17.4
163,0.838934412625926,-inf,19.58,0,0.605,5.88,9.864076236526156,0.870749284903777,5,5.998936561946683,14.7,348.13,3.468429039204925,19.1
164,-1.9722746584866417,-inf,4.05,0,0.51,5.572,9.40744386111339,0.9540103189011692,5,5.69035945432406,16.6,396.9,3.83275357934736,23.1
165,-2.3883608700154495,-inf,4.05,0,0.51,6.416,9.1706052144883,0.9731624379506939,5,5.69035945432406,16.6,395.5,3.0066592756745814,23.6
166,-2.4713588372427315,-inf,4.05,0,0.51,5.859,8.28854631404084,0.9939552292306324,5,5.69035945432406,16.6,393.23,3.104834939252005,22.6
167,-2.70845028112355,-inf,4.05,0,0.51,6.546,5.75325994545701,1.1417675589820373,5,5.69035945432406,16.6,390.96,2.3086792761230392,29.4
168,-2.656122108241851,-inf,4.05,0,0.51,6.02,6.870225614927067,1.2683269334643472,5,5.69035945432406,16.6,393.23,3.179622619116929,23.2
169,-2.9141522865615683,-inf,4.05,0,0.51,6.315,8.567379996241558,1.1992114872242254,5,5.69035945432406,16.6,395.6,2.5079872407968904,24.6
170,-2.7117570630335366,-inf,4.05,0,0.51,6.86,8.62554346113913,1.0699727304589448,5,5.69035945432406,16.6,391.27,2.630589287593181,29.9
171,-2.675389418862662,-inf,2.46,0,0.488,6.144,7.886697661252142,0.9547034263605685,3,5.262690188904886,17.8,396.9,3.0740852297878796,36.2
172,-2.3017854128234814,-inf,2.46,0,0.488,6.563,9.777525249264253,1.0462658082959004,3,5.262690188904886,17.8,396.9,2.3832750575625967,32.5
173,-2.4879512799742254,-inf,2.46,0,0.488,5.604,9.476286192385707,1.0945707995083895,3,5.262690188904886,17.8,391.0,3.7389838191679834,26.4
174,-2.8056079046970153,-inf,2.46,0,0.488,6.153,8.294576541331088,1.187751954798385,3,5.262690188904886,17.8,387.11,3.626292872893749,29.6
175,-2.5414770012763945,3.8066624897703196,3.44,0,0.437,6.782,6.410928169929843,1.3319965577120414,5,5.986452005284438,15.2,393.87,2.584569596664017,32.0
176,-2.073141429131356,3.8066624897703196,3.44,0,0.437,6.556,5.394441583704471,1.518790843409403,5,5.986452005284438,15.2,382.84,2.1354156504062622,29.8
177,-2.4805163014867073,3.8066624897703196,3.44,0,0.437,7.135,6.23698645180507,1.518790843409403,5,5.986452005284438,15.2,396.9,2.32163735324878,34.9
178,-2.400418453342809,3.8066624897703196,3.44,0,0.437,6.951,4.636809247747852,1.8686896456903432,5,5.986452005284438,15.2,377.68,2.258317958127243,37.0
179,-2.672055840878834,3.8066624897703196,3.44,0,0.437,6.739,5.549774770204643,1.8686896456903432,5,5.986452005284438,15.2,389.71,2.1656407827707715,30.5
180,-2.445993676289402,3.8066624897703196,3.44,0,0.437,7.135,5.128352561983234,1.8686896456903432,5,5.986452005284438,15.2,390.49,1.6941074346097416,36.4
181,-3.8226394442934604,4.0943445622221,2.93,0,0.409,6.8,3.146426544510455,1.827705596001524,2,5.579729825986222,15.6,393.37,2.2427661492005804,31.1
182,-4.241221758082861,4.0943445622221,2.93,0,0.409,6.604,4.33589667773576,1.827705596001524,2,5.579729825986222,15.6,376.7,2.092844953645635,29.1
183,-3.2161295992001757,4.382026634673881,1.52,0,0.409,7.135,5.8395205282625735,1.9891064654982547,2,5.796057750765372,14.7,396.9,2.0199009876724157,33.3
184,-3.064868012388853,4.382026634673881,1.52,0,0.409,7.107,6.04979338490167,1.9891064654982547,2,5.796057750765372,14.7,354.31,2.9342801502242417,30.3
185,-3.2786258292739747,4.382026634673881,1.52,0,0.409,7.135,6.18869937870632,1.9891064654982547,2,5.796057750765372,14.7,392.2,2.5729360660537215,34.6
186,-3.4577677331505496,4.553876891600541,1.47,0,0.409,6.975,3.9115214431215892,2.035149993546711,3,5.996452088619021,17.0,396.9,2.1354156504062622,34.9
187,-4.029681048896379,4.553876891600541,1.47,0,0.409,7.135,3.7282703764614498,2.035149993546711,3,5.996452088619021,17.0,384.3,2.1095023109728985,32.9
188,-3.3682462815224694,4.412798293340635,2.03,0,0.415,6.162,6.196773353931867,1.8357763546448294,2,5.8522024797744745,14.7,393.77,2.725802634087802,24.1
189,-1.9920169167555637,-inf,10.59,0,0.489,5.891,4.722287581247038,1.3725503433276314,4,5.6240175061873385,18.6,396.9,3.2969683043669074,22.6
190,-1.471024705280474,-inf,10.59,0,0.489,6.326,7.245688373094719,1.4713016479283183,4,5.6240175061873385,18.6,394.87,3.312099032335839,24.4
191,-1.3783658747977692,-inf,10.59,0,0.489,5.783,8.526429498916883,1.4713016479283183,4,5.6240175061873385,18.6,389.43,4.249705872175156,22.5
192,-1.996056732745905,-inf,10.59,1,0.489,6.064,7.687652437513028,1.4443745721964154,4,5.6240175061873385,18.6,381.32,3.8288379438153295,24.4
193,-0.8307783945499413,-inf,10.59,1,0.489,5.344,10.0,1.3545456628053103,4,5.6240175061873385,18.6,396.9,4.805205510693585,20.0
194,-1.7460597899770645,-inf,10.59,1,0.489,5.96,9.596874491208062,1.3550874514951798,4,5.6240175061873385,18.6,393.25,4.15571895103603,21.7
195,-0.9787514132167605,-inf,10.59,1,0.489,5.404,9.412757300600074,1.2988283353386147,4,5.6240175061873385,18.6,395.24,4.896937818678118,19.3
196,-1.5269827324979075,-inf,10.59,1,0.489,5.807,7.334848328356899,1.2954392427758044,4,5.6240175061873385,18.6,390.94,4.00374824383352,22.4
197,-1.9624054515845106,-inf,10.59,0,0.489,6.375,5.683308895353129,1.3725503433276314,4,5.6240175061873385,18.6,385.81,3.062678566222711,28.1
198,-1.2394272853103383,-inf,10.59,0,0.489,5.412,3.1304951684997055,1.2774555810857395,4,5.6240175061873385,18.6,348.93,5.4359911699707535,23.7
199,-1.6193872432877685,-inf,10.59,0,0.489,6.182,6.511528238439882,1.3725503433276314,4,5.6240175061873385,18.6,393.63,3.0773365106858237,25.0
200,-3.0878475624617967,-inf,13.89,1,0.55,5.888,7.483314773547883,1.1352977394759622,5,5.62040086571715,16.4,392.8,3.675595189897821,23.3
201,-2.657404616433318,-inf,13.89,0,0.55,6.642,9.22496612459905,1.2299621367871858,5,5.62040086571715,16.4,392.78,3.1128764832546763,28.7
202,-2.2010217775846046,-inf,13.89,1,0.55,5.951,9.6850400102426,1.0610142582527913,5,5.62040086571715,16.4,396.9,4.233202097703345,21.5
203,-2.169366249207823,-inf,13.89,1,0.55,6.373,9.612491872558333,1.2129226348455207,5,5.62040086571715,16.4,393.74,3.24037034920393,23.0
204,-1.0269709275282342,-inf,6.2,1,0.507,6.951,9.40744386111339,1.051415853837135,8,5.726847747587197,17.4,391.7,3.116087290176577,26.7
205,-0.8971991416186345,-inf,6.2,1,0.507,6.164,9.555103348473002,1.1144856378244,8,5.726847747587197,17.4,395.24,4.632493928760188,21.7
206,-0.47231028753765686,-inf,6.2,1,0.507,6.879,8.814760348415605,1.18543198062067,8,5.726847747587197,17.4,390.39,3.151190251317746,27.5
207,-0.48662093506917325,-inf,6.2,0,0.507,6.618,8.988882021697693,1.18543198062067,8,5.726847747587197,17.4,396.9,2.756809750418044,30.1
208,-0.8858100246205681,-inf,6.2,0,0.504,7.135,8.938679992034618,1.1680450633834465,8,5.726847747587197,17.4,372.08,2.5219040425836985,31.6
209,-0.8169432583734566,-inf,6.2,0,0.504,6.552,4.626013402488151,1.216424953515174,8,5.726847747587197,17.4,380.34,1.9390719429665315,31.5
210,-0.6217571844732723,-inf,6.2,0,0.504,5.981,8.252272414311102,1.3006002979095281,8,5.726847747587197,17.4,378.35,3.4132096331752027,24.3
211,-0.7701146217165538,-inf,6.2,0,0.504,7.135,8.769264507357502,1.3006002979095281,8,5.726847747587197,17.4,376.14,2.29128784747792,31.7
212,-0.8031629596059677,-inf,6.2,1,0.507,6.726,8.154753215150045,1.2952475801015233,8,5.726847747587197,17.4,360.2,2.8372521918222215,29.0
213,-1.1072999170656752,-inf,6.2,0,0.507,6.086,7.842193570679061,1.2952475801015233,8,5.726847747587197,17.4,376.75,3.2984845004941286,24.0
214,-0.6528117043705424,-inf,6.2,1,0.507,6.631,8.74642784226795,1.4226262903672808,8,5.726847747587197,17.4,388.45,3.0886890422961,25.1
215,-0.6697627403272094,-inf,6.2,0,0.507,7.135,8.461678320522472,1.4226262903672808,8,5.726847747587197,17.4,390.07,2.1748563170931545,31.5
216,-2.4956845229598787,3.4011973816621555,4.93,0,0.428,6.481,4.301162633521313,1.8229189314771568,6,5.703782474656201,16.6,379.41,2.5219040425836985,23.7
217,-2.3803304416188986,3.4011973816621555,4.93,0,0.428,6.606,6.496152707564686,1.8229189314771568,6,5.703782474656201,16.6,383.78,2.7147743920996454,23.3
218,-2.1778043760967396,3.4011973816621555,4.93,0,0.428,6.897,7.368853370776216,1.84626343721586,6,5.703782474656201,16.6,391.25,3.3734255586866,22.0
219,-2.243184749712598,3.4011973816621555,4.93,0,0.428,6.095,8.068457101577723,1.84626343721586,6,5.703782474656201,16.6,394.62,3.521363372331802,20.1
220,-2.2739976361421332,3.4011973816621555,4.93,0,0.428,6.358,7.273238618387272,1.9509687612461732,6,5.703782474656201,16.6,372.75,3.3496268448888453,22.2
221,-2.0590900454319385,3.4011973816621555,4.93,0,0.428,6.393,2.792848008753788,1.9509687612461732,6,5.703782474656201,16.6,374.71,2.2781571499789037,23.7
222,-1.5794908360661482,3.091042453358316,5.86,0,0.431,5.593,8.74642784226795,2.073788091000493,7,5.799092654460526,19.1,372.49,3.5355339059327378,17.6
223,-1.6537555930852257,3.091042453358316,5.86,0,0.431,5.605,8.378544026261364,2.073788091000493,7,5.799092654460526,19.1,389.13,4.296510211788167,18.5
224,-1.0793097864136123,3.091042453358316,5.86,0,0.431,6.108,5.9076221950967716,2.0863550879489043,7,5.799092654460526,19.1,390.18,3.026549190084311,24.3
225,-1.6267366770124299,3.091042453358316,5.86,0,0.431,6.226,8.899438184514796,2.0863550879489043,7,5.799092654460526,19.1,376.14,3.1859064644147983,20.5
226,-1.805513625460718,3.091042453358316,5.86,0,0.431,6.433,7.00713921654194,2.0575154113461407,7,5.799092654460526,19.1,374.71,3.0854497241083023,24.5
227,-1.6568964635938017,3.091042453358316,5.86,0,0.431,6.718,4.183300132670378,2.0575154113461407,7,5.799092654460526,19.1,393.74,2.5612496949731396,26.2
228,-1.9639722918737217,3.091042453358316,5.86,0,0.431,6.487,3.605551275463989,2.0010339548007137,7,5.799092654460526,19.1,396.28,2.4289915602982237,24.4
229,-1.541358791623506,3.091042453358316,5.86,0,0.431,6.438,2.9832867780352594,2.0010339548007137,7,5.799092654460526,19.1,377.07,1.8947295321496416,24.8
230,-2.498478329818095,3.091042453358316,5.86,0,0.431,6.957,2.6076809620810595,2.1868038025083023,7,5.799092654460526,19.1,386.09,1.8788294228055935,29.6
231,-3.0326037483298958,4.382026634673881,3.64,0,0.409,6.108,5.656854249492381,2.221407575000109,2,5.752572638825633,16.4,392.89,2.563201123595259,21.9
232,-3.338786121540758,4.382026634673881,3.64,0,0.409,5.876,4.370354676682432,2.221407575000109,2,5.752572638825633,16.4,395.18,3.0413812651491097,20.9
233,-0.4102113537333973,2.995732273553991,3.97,0,0.647,7.135,10.0,0.639007734459297,5,5.575949103146316,14.7,383.29,2.7910571473905725,36.0
234,-0.4206041269509682,2.995732273553991,3.97,0,0.647,6.842,10.0,0.6984829201494644,5,5.575949103146316,14.7,391.93,2.6267851073127395,30.1
235,-0.6159824564648956,2.995732273553991,3.97,0,0.647,7.135,9.044335243676011,0.7476827132079593,5,5.575949103146316,14.7,392.8,3.0967725134404045,33.8
236,-0.1920567907821121,2.995732273553991,3.97,0,0.647,7.135,9.72111104761179,0.7317908041521498,5,5.575949103146316,14.7,393.42,3.3541019662496847,31.0
237,-0.5977097361268342,2.995732273553991,3.97,0,0.647,7.135,9.57078889120432,0.6575718150460251,5,5.575949103146316,14.7,387.89,2.8460498941515415,36.5
238,-0.2723075353455809,2.995732273553991,3.97,0,0.647,5.56,7.92464510246358,0.6863742962725166,5,5.575949103146316,14.7,392.4,3.2326459750489227,22.8
239,-0.2411802388003612,2.995732273553991,3.97,0,0.647,7.014,9.197825830053535,0.7574825560648395,5,5.575949103146316,14.7,384.07,3.845776904605882,30.7
240,-2.400749341781277,2.995732273553991,6.96,1,0.464,5.92,7.842193570679061,1.365453695248039,3,5.407171771460119,18.6,391.34,3.6945906403822333,20.7
241,-1.2067767316586704,2.995732273553991,6.96,0,0.464,5.856,6.488451279003334,1.4881738249410612,3,5.407171771460119,18.6,388.65,3.605551275463989,21.1
242,-1.8194801618286551,2.995732273553991,6.96,0,0.464,6.24,4.03732584763727,1.4881738249410612,3,5.407171771460119,18.6,396.9,2.567099530598687,25.2
243,-2.166307474701498,2.995732273553991,6.96,0,0.464,6.538,7.661592523751182,1.365453695248039,3,5.407171771460119,18.6,394.96,2.7802877548915688,24.4
244,-1.5056185837951033,2.995732273553991,6.96,1,0.464,7.135,7.197221686178632,1.4739617728716505,3,5.407171771460119,18.6,390.77,2.565151067676132,35.2
245,-2.874577151997524,3.6888794541139363,6.41,1,0.447,6.758,5.735852159879995,1.405508580043695,4,5.537334267018537,17.6,396.9,1.8788294228055935,32.4
246,-2.3429905076290845,3.6888794541139363,6.41,0,0.447,6.854,6.54217089351845,1.450981308741706,4,5.537334267018537,17.6,396.9,1.7262676501632068,32.0
247,-2.2567516766508735,3.6888794541139363,6.41,1,0.447,7.135,7.0,1.5659456893579664,4,5.537334267018537,17.6,389.25,2.4596747752497685,33.2
248,-2.7924649522445737,3.6888794541139363,6.41,1,0.447,6.826,5.253570214625479,1.581614403699502,4,5.537334267018537,17.6,393.45,2.039607805437114,33.1
249,-2.5284824325048763,3.6888794541139363,6.41,0,0.447,6.482,5.665686189686118,1.420768248979967,4,5.537334267018537,17.6,396.9,2.6814175355583845,29.1
250,-1.558839859671009,2.995732273553991,3.33,0,0.4429,6.812,5.674504383644443,1.41115769084458,5,5.375278407684165,14.9,396.9,2.202271554554524,35.1
251,-3.295486927240041,2.995732273553991,3.33,0,0.4429,6.968,6.099180272790763,1.6572180428816397,5,5.375278407684165,14.9,392.23,2.142428528562855,35.4
252,-4.703886158927249,4.499809670330265,2.97,0,0.409,7.088,4.560701700396552,1.9888738484874289,2,5.652489180268651,15.3,394.72,2.80178514522438,32.2
253,-4.513502997462267,4.007333185232471,2.25,0,0.409,6.453,5.648008498577175,1.9888738484874289,2,5.703782474656201,15.3,394.72,2.8687976575562106,22.0
254,-3.929677940666867,4.382026634673881,1.76,0,0.409,6.23,5.612486080160912,2.2070868955155056,2,5.484796933490655,18.2,341.6,3.5958309192730407,20.1
255,-3.25165731439258,3.960813169597578,5.32,0,0.409,6.209,5.594640292279746,1.990227741135006,6,5.680172609017068,16.6,396.9,2.6720778431774774,23.2
256,-3.0812901619156374,3.960813169597578,5.32,0,0.409,6.315,6.752777206453653,1.990227741135006,6,5.680172609017068,16.6,396.9,2.756809750418044,22.3
257,-3.1472530811952333,3.960813169597578,5.32,0,0.409,6.565,4.78539444560216,1.990227741135006,6,5.680172609017068,16.6,371.72,3.083828789021855,24.8
258,-3.351835952124431,4.382026634673881,4.95,0,0.411,6.861,5.282045058497703,1.6325097000018567,4,5.501258210544727,19.2,396.9,1.8248287590894658,28.5
259,-3.3200783303773633,4.382026634673881,4.95,0,0.411,6.63,4.8373546489791295,1.6325097000018567,4,5.501258210544727,19.2,396.9,2.16794833886788,27.9
260,-2.4931404547151037,-inf,13.92,0,0.437,6.127,4.2895221179054435,1.705238880872887,4,5.666426688112432,16.0,396.9,2.929163703175362,23.9
261,-2.501157990374051,-inf,13.92,0,0.437,6.009,6.5038450166036395,1.705238880872887,4,5.666426688112432,16.0,396.9,3.22490309931942,21.7
262,-2.045465326124905,-inf,13.92,0,0.437,6.678,5.576737397439475,1.785137592919168,4,5.666426688112432,16.0,396.9,2.5039968051097827,28.6
263,-2.9239699073271,-inf,13.92,0,0.437,6.549,7.14142842854285,1.785137592919168,4,5.666426688112432,16.0,392.85,2.7184554438136375,27.1
264,-1.9587826452779884,-inf,13.92,0,0.437,5.79,7.615773105863909,1.843719208158766,4,5.666426688112432,16.0,396.9,3.97994974842648,20.3
265,-2.73861250668485,4.248495242049359,2.24,0,0.409,6.345,4.483302354291979,2.057681499897272,5,5.8805329864007,14.8,368.24,2.2293496809607953,22.5
266,-2.8893922377826646,4.248495242049359,2.24,0,0.409,7.041,3.1622776601683795,2.057681499897272,5,5.8805329864007,14.8,371.58,2.177154105707724,29.0
267,-3.119709453373702,4.248495242049359,2.24,0,0.409,6.871,6.884765791223402,2.057681499897272,5,5.8805329864007,14.8,390.86,2.463736998950984,24.8
268,-3.341891275764748,3.5263605246161616,6.09,0,0.433,6.59,6.356099432828281,1.7032378615047714,7,5.796057750765372,16.1,395.75,3.082207001484488,22.0
269,-2.3788183989936345,3.5263605246161616,6.09,0,0.433,6.495,4.2895221179054435,1.7032378615047714,7,5.796057750765372,16.1,383.61,2.9444863728670914,26.4
270,-2.3025850929940455,3.5263605246161616,6.09,0,0.433,6.982,4.207136793592526,1.7032378615047714,7,5.796057750765372,16.1,390.43,2.2045407685048604,33.1
271,-2.8976985332826257,3.4965075614664802,2.18,0,0.472,7.135,6.410928169929843,1.3917792913504603,7,5.402677381872279,18.4,393.68,2.6324893162176366,36.1
272,-2.904247583431813,3.4965075614664802,2.18,0,0.472,6.616,7.622335600063802,1.2149127443642704,7,5.402677381872279,18.4,393.36,2.988310559496787,28.4
273,-2.5898672454244998,3.4965075614664802,2.18,0,0.472,7.135,8.47938677028003,1.1311440136705944,7,5.402677381872279,18.4,396.9,2.543619468395381,33.4
274,-3.0094256006859936,3.4965075614664802,2.18,0,0.472,6.849,8.384509526501834,1.1577298931511986,7,5.402677381872279,18.4,396.9,2.7440845468024486,28.2
275,-0.707286673713667,-inf,9.9,0,0.544,6.635,9.082951062292475,1.1992114872242254,4,5.717027701406222,18.4,396.9,2.130727575266252,22.8
276,-1.051537881282181,-inf,9.9,0,0.544,5.972,8.757853618324527,1.1322082380966252,4,5.717027701406222,18.4,396.24,3.157530680769389,20.3
277,0.9690653285914825,-inf,9.9,0,0.544,5.304,6.148170459575759,0.9240207779360656,4,5.717027701406222,18.4,350.45,3.5552777669262356,16.1
278,-0.23520348080665032,-inf,9.9,0,0.544,6.122,7.26636084983398,0.9708925470657387,4,5.717027701406222,18.4,396.9,2.445403852127497,22.1
279,-1.3405946818689003,-inf,9.9,0,0.544,6.023,9.50789145920377,1.0416891412684888,4,5.717027701406222,18.4,396.3,3.423448553724738,19.4
280,-1.3116322568114682,-inf,9.9,0,0.544,6.266,9.09945053286186,1.1825857224442882,4,5.717027701406222,18.4,393.39,2.8106938645110393,21.6
281,-0.9964167763534401,-inf,9.9,0,0.544,6.567,9.343446901438462,1.2815725303483325,4,5.717027701406222,18.4,395.69,3.046309242345563,23.8
282,-1.3721547975661714,-inf,9.9,0,0.544,5.705,8.814760348415605,1.3724489542978375,4,5.717027701406222,18.4,396.42,3.391164991562634,16.2
283,-1.1448551998428471,-inf,9.9,0,0.544,5.914,9.121403400793104,1.3859442998555953,4,5.717027701406222,18.4,390.7,4.281354925721529,17.8
284,-1.4055995121778961,-inf,9.9,0,0.544,5.782,8.46758525200662,1.394188123238991,4,5.717027701406222,18.4,396.9,3.992492955535426,19.8
285,-0.911253440356887,-inf,9.9,0,0.544,6.382,8.19756061276768,1.2620058355765456,4,5.717027701406222,18.4,395.21,3.2186953878862163,23.1
286,-0.7434514904696932,-inf,9.9,0,0.544,6.113,7.6681158050723255,1.3867692483431018,4,5.717027701406222,18.4,396.23,3.5679125549822546,21.0
287,-1.7861750909341545,-inf,7.38,0,0.493,6.426,7.231873892705818,1.5130151138990473,5,5.659482215759621,19.6,396.9,2.6832815729997477,23.8
288,-1.7060038804104314,-inf,7.38,0,0.493,6.376,7.368853370776216,1.5130151138990473,5,5.659482215759621,19.6,396.9,2.6210684844162313,23.1
289,-1.0465702746410745,-inf,7.38,0,0.493,6.041,7.063993204979744,1.5520418232927913,5,5.659482215759621,19.6,396.9,2.7748873851023217,20.4
290,-1.259062770643896,-inf,7.38,0,0.493,5.708,8.61974477580398,1.5520418232927913,5,5.659482215759621,19.6,391.13,3.4263683398023628,18.5
291,-1.0756089069031467,-inf,7.38,0,0.493,6.415,6.332456079595025,1.5520418232927913,5,5.659482215759621,19.6,396.9,2.4738633753705965,25.0
292,-1.6509893395923356,-inf,7.38,0,0.493,6.431,3.8340579025361627,1.689339071628585,5,5.659482215759621,19.6,393.68,2.253885533916929,24.6
293,-1.1924725201557291,-inf,7.38,0,0.493,6.312,5.375872022286245,1.689339071628585,5,5.659482215759621,19.6,396.9,2.479919353527449,23.0
294,-1.4228338719108389,-inf,7.38,0,0.493,6.083,6.610597552415364,1.689339071628585,5,5.659482215759621,19.6,396.9,3.576310948449533,22.2
295,-2.715528090958169,-inf,3.24,0,0.46,5.868,5.079370039680118,1.6514623836893323,4,6.063785208687608,16.9,382.44,3.157530680769389,19.3
296,-2.6994869704417224,-inf,3.24,0,0.46,6.333,4.147288270665544,1.6514623836893323,4,6.063785208687608,16.9,375.21,2.7092434368288134,22.6
297,-3.091362504569241,-inf,3.24,0,0.46,6.144,5.674504383644443,1.7704677337604326,4,6.063785208687608,16.9,368.57,3.014962686336267,19.8
298,-2.991142821220184,3.5553480614894135,6.06,0,0.4379,5.706,5.329165037789691,1.893217379618614,2,5.717027701406222,16.9,394.02,3.5256205127608387,17.1
299,-3.362168994694677,3.5553480614894135,6.06,0,0.4379,6.031,4.8270073544588685,1.893217379618614,2,5.717027701406222,16.9,362.25,2.7982137159266447,19.4
300,-2.979268547523326,-inf,5.19,0,0.515,6.316,6.172519744804386,1.8653816090986688,5,5.4116460518550396,20.2,389.71,2.3832750575625967,22.2
301,-3.2866194769547206,-inf,5.19,0,0.515,6.31,6.2048368229954285,1.8653816090986688,5,5.4116460518550396,20.2,389.4,2.598076211353316,20.7
302,-3.228673667348312,-inf,5.19,0,0.515,6.037,5.873670062235365,1.7893064630669882,5,5.4116460518550396,20.2,396.9,2.8301943396169813,21.1
303,-3.3734849430956197,-inf,5.19,0,0.515,5.869,6.8044103344816,1.6546215810094207,5,5.4116460518550396,20.2,396.9,3.1304951684997055,19.5
304,-3.4929837772928636,-inf,5.19,0,0.515,5.895,7.720103626247513,1.7254415881904066,5,5.4116460518550396,20.2,394.81,3.249615361854384,18.5
305,-3.409431186589259,-inf,5.19,0,0.515,6.059,6.107372593840988,1.571154360008492,5,5.4116460518550396,20.2,396.14,2.9171904291629644,20.6
306,-2.900967697109568,-inf,5.19,0,0.515,5.985,6.7379522111692065,1.571154360008492,5,5.4116460518550396,20.2,396.9,3.120897306865447,19.0
307,-2.78855551576186,-inf,5.19,0,0.515,5.968,7.648529270389178,1.571154360008492,5,5.4116460518550396,20.2,396.9,3.047950130825634,18.7
308,-4.342036986457723,3.5553480614894135,1.52,0,0.442,7.135,7.021395872616783,1.951309830216467,2,5.648974238161206,15.5,394.74,2.3430749027719964,32.7
309,-3.6896797742847056,-inf,1.89,0,0.518,6.54,7.726577508832744,1.8352818145171772,2,6.045005314036012,15.9,389.96,2.9410882339705484,16.5
310,-3.671825699548109,4.007333185232471,3.78,0,0.484,6.696,7.5099933422074345,1.7460819557314025,5,5.91350300563827,17.6,396.9,2.6795522013948525,23.9
311,-3.4903565179819735,4.007333185232471,3.78,0,0.484,6.874,5.300943312279429,1.8664648819262473,5,5.91350300563827,17.6,387.97,2.147091055358389,31.2
312,-3.4695832945286202,-inf,4.39,0,0.442,6.014,6.96419413859206,2.0811400983154176,3,5.863631175598097,18.8,385.64,3.24499614791759,17.5
313,-2.786768785813615,-inf,4.39,0,0.442,5.898,7.231873892705818,2.0811400983154176,3,5.863631175598097,18.8,364.61,3.559494346111537,17.2
314,-3.979231755121596,4.442651256490317,4.15,0,0.429,6.516,5.263078946776307,2.1442105050135645,4,5.860786223465865,17.9,392.43,2.5219040425836985,23.1
315,-4.199038633336767,4.382026634673881,2.01,0,0.435,6.635,5.449770637375485,2.121542717698471,4,5.634789603169249,17.0,390.94,2.4474476501040834,24.5
316,-3.540804336048573,3.6888794541139363,1.25,0,0.429,6.939,5.873670062235365,2.1738535910129793,2,5.814130531825066,19.7,389.85,2.4269322199023193,26.6
317,-2.7788482724109254,3.6888794541139363,1.25,0,0.429,6.49,6.663332499583072,2.1738535910129793,2,5.814130531825066,19.7,396.9,2.445403852127497,22.9
318,-2.5319982573218507,4.0943445622221,1.69,0,0.411,6.579,5.991660871578097,2.371205895271833,4,6.018593214496234,18.3,370.78,2.3430749027719964,24.1
319,-2.6249966459669243,4.0943445622221,1.69,0,0.411,5.884,4.301162633521313,2.371205895271833,4,6.018593214496234,18.3,392.33,2.7910571473905725,18.6
320,-4.069261781854637,4.499809670330265,2.02,0,0.41,6.728,6.008327554319921,2.495393140512136,5,5.231108616854587,17.0,384.46,2.1213203435596424,30.1
321,-3.146322632186492,4.382026634673881,1.91,0,0.413,5.663,4.679743582719036,2.359504033718152,4,5.811140992976701,21.0,382.8,2.8372521918222215,18.2
322,-2.2387655802810915,4.382026634673881,1.91,0,0.413,5.936,4.415880433163924,2.359504033718152,4,5.811140992976701,21.0,376.04,2.360084744241189,20.6
323,2.195329449381762,-inf,18.1,1,0.77,6.212,9.869143833180262,0.7524532864573528,24,6.501289670540389,20.2,377.73,4.1952353926806065,17.8
324,1.347995223185688,-inf,18.1,1,0.77,6.395,9.539392014169456,0.9183685716691207,24,6.501289670540389,20.2,391.34,3.642801120017397,21.7
325,1.6489989522850654,-inf,18.1,1,0.77,6.127,9.132360045464699,1.0016240350184296,24,6.501289670540389,20.2,395.43,3.388214869219483,22.7
326,1.4495766247463249,-inf,18.1,0,0.77,6.112,9.016651263079881,0.9199241231065759,24,6.501289670540389,20.2,390.74,3.559494346111537,22.6
327,1.5133498301420758,-inf,18.1,0,0.77,6.398,9.38083151964686,0.9235443605854632,24,6.501289670540389,20.2,374.56,2.7910571473905725,25.0
328,1.3446491111511765,-inf,18.1,0,0.77,6.251,9.544631999192006,0.8309506847071397,24,6.501289670540389,20.2,350.65,3.7669616403674726,19.9
329,1.302428939510188,-inf,18.1,0,0.77,5.362,9.808159868191384,0.7436501627330522,24,6.501289670540389,20.2,380.79,3.1921779399024737,20.8
330,1.4404013184427842,-inf,18.1,1,0.77,5.803,9.433981132056603,0.6443245158623769,24,6.501289670540389,20.2,353.04,3.8262252939417984,16.8
331,1.2453872633044583,-inf,18.1,1,0.718,7.135,9.10494371207203,0.6443245158623769,24,6.501289670540389,20.2,354.55,2.3,21.9
332,1.5164165113762587,-inf,18.1,0,0.718,5.304,9.375499986667378,0.478219784017076,24,6.501289670540389,20.2,354.7,2.6683328128252666,27.5
333,1.3075081553837307,-inf,18.1,0,0.718,5.304,9.560334722173696,0.5609292107322363,24,6.501289670540389,20.2,316.03,3.7416573867739413,21.9
334,2.6043327792705377,-inf,18.1,0,0.631,5.304,10.0,0.4125069228972105,24,6.501289670540389,20.2,131.42,3.651027252705737,23.1
335,2.4076745719247366,-inf,18.1,0,0.668,5.304,10.0,0.16058706464794842,24,6.501289670540389,20.2,396.9,5.8966091951222275,13.8
336,2.9176734300532927,-inf,18.1,0,0.668,5.304,10.0,0.128393214768399,24,6.501289670540389,20.2,396.9,6.161980201201558,13.8
337,2.9759937442034943,-inf,18.1,0,0.671,7.135,9.894442884771228,0.274824770449225,24,6.501289670540389,20.2,396.9,3.666060555964672,15.0
338,2.727068206937972,-inf,18.1,0,0.671,6.649,9.6591925128346,0.29631966084736644,24,6.501289670540389,20.2,363.02,4.82078831727758,13.9
339,2.284776456376443,-inf,18.1,0,0.671,6.794,9.939818911831342,0.30601302913650447,24,6.501289670540389,20.2,396.9,4.608687448721165,13.3
340,3.163287002104859,-inf,18.1,0,0.671,6.38,9.808159868191384,0.3264940482371704,24,6.501289670540389,20.2,396.9,4.867237409455183,13.1
341,2.882938645078548,-inf,18.1,0,0.671,6.223,10.0,0.3264940482371704,24,6.501289670540389,20.2,393.74,4.666904755831214,10.2
342,4.488368918239841,-inf,18.1,0,0.671,6.968,9.586448768965493,0.3481890402884343,24,6.501289670540389,20.2,396.9,4.148493702538308,10.4
343,2.764707748788905,-inf,18.1,0,0.671,6.545,9.954898291795853,0.41818388051593913,24,6.501289670540389,20.2,396.9,4.591296113299598,10.9
344,2.2177916182761837,-inf,18.1,0,0.7,5.536,10.0,0.45767797955509865,24,6.501289670540389,20.2,396.9,4.857983120596447,11.3
345,2.078501099602779,-inf,18.1,0,0.7,5.52,10.0,0.4272918293342714,24,6.501289670540389,20.2,396.9,4.955804677345546,12.3
346,2.9999682889589208,-inf,18.1,0,0.7,5.304,9.549869109050658,0.3642958310700935,24,6.501289670540389,20.2,285.83,5.534437640808685,8.8
347,2.8220810208075364,-inf,18.1,0,0.7,5.304,9.904544411531507,0.3549434457605842,24,6.501289670540389,20.2,396.9,5.550675634551167,7.2
348,3.194329001650042,-inf,18.1,0,0.7,5.304,10.0,0.3833558225200634,24,6.501289670540389,20.2,396.9,5.317894320123332,10.5
349,3.1178215794606357,-inf,18.1,0,0.7,5.304,9.460443964212251,0.41765714887352634,24,6.501289670540389,20.2,396.9,5.6559702969517085,7.4
350,2.6626134080936033,-inf,18.1,0,0.7,5.304,10.0,0.4634195013687203,24,6.501289670540389,20.2,372.92,5.533534132902769,10.2
351,2.09823140139806,-inf,18.1,0,0.7,5.39,9.944847912361455,0.547022539077809,24,6.501289670540389,20.2,396.9,4.5661800227323495,11.5
352,1.9404883346900383,-inf,18.1,0,0.7,5.713,9.848857801796104,0.6557048850840753,24,6.501289670540389,20.2,394.43,4.136423575989287,15.1
353,1.6663946392699258,-inf,18.1,0,0.7,6.051,9.082951062292475,0.7737128283995126,24,6.501289670540389,20.2,378.38,4.331281565541543,23.2
354,2.449098108549207,-inf,18.1,0,0.7,5.304,9.848857801796104,0.5709795465857378,24,6.501289670540389,20.2,396.9,5.067543783727971,9.7
355,2.156953357037918,-inf,18.1,0,0.693,6.193,9.622889378975527,0.582885786302408,24,6.501289670540389,20.2,396.9,3.8948684188300895,13.8
356,2.592250197936567,-inf,18.1,0,0.693,5.887,9.731392500562292,0.5777924441969166,24,6.501289670540389,20.2,396.9,4.043513323831146,12.7
357,2.165246462026569,-inf,18.1,0,0.693,6.471,9.939818911831342,0.5456327652713961,24,6.501289670540389,20.2,391.98,4.13763217311544,13.1
358,1.7702038062623382,-inf,18.1,0,0.693,6.405,9.797958971132712,0.516887215144586,24,6.501289670540389,20.2,396.9,4.401136216933078,12.5
359,2.037579944459908,-inf,18.1,0,0.693,5.747,9.944847912361455,0.4906637319420382,24,6.501289670540389,20.2,393.1,4.46318272088428,8.5
360,3.646801462826533,-inf,18.1,0,0.693,5.453,10.0,0.3985076275406656,24,6.501289670540389,20.2,396.9,5.530822723609933,5.0
361,2.2942050785484422,-inf,18.1,0,0.693,5.852,8.820430828479978,0.4057317392255952,24,6.501289670540389,20.2,338.16,5.474486277268397,6.3
362,3.2207181267873874,-inf,18.1,0,0.693,5.987,10.0,0.4629790143087711,24,6.501289670540389,20.2,396.9,5.173973328110612,5.6
363,2.655788016439399,-inf,18.1,0,0.693,6.343,10.0,0.45368368037863877,24,6.501289670540389,20.2,396.9,4.507771067833858,7.2
364,2.2613161235954014,-inf,18.1,0,0.693,6.404,10.0,0.49408629976169266,24,6.501289670540389,20.2,376.11,4.5066617356975,12.1
365,3.2109121992086997,-inf,18.1,0,0.693,5.349,9.797958971132712,0.5322739549718603,24,6.501289670540389,20.2,396.9,4.446346815083142,8.3
366,3.726396794273884,-inf,18.1,0,0.693,5.531,9.241212041718338,0.47461796679648094,24,6.501289670540389,20.2,329.46,5.232590180780452,8.5
367,4.21834232049674,-inf,18.1,0,0.693,5.683,10.0,0.3544524760856333,24,6.501289670540389,20.2,384.97,4.793745925682754,5.0
368,3.030916002888473,-inf,18.1,0,0.659,5.304,10.0,0.16390297126993653,24,6.501289670540389,20.2,370.22,4.831148931672465,11.9
369,2.4808233243503643,-inf,18.1,0,0.659,5.608,10.0,0.25091434825956627,24,6.501289670540389,20.2,332.09,3.4828149534536,27.9
370,2.0020055377667436,-inf,18.1,0,0.597,5.617,9.894442884771228,0.3747996937972793,24,6.501289670540389,20.2,314.64,5.138093031466052,17.2
371,2.6698843980022766,-inf,18.1,0,0.597,6.852,10.0,0.3821964811688101,24,6.501289670540389,20.2,179.36,4.447471191587417,27.5
372,3.9344848389972373,-inf,18.1,0,0.597,5.757,10.0,0.3457151037023904,24,6.501289670540389,20.2,70.8,3.179622619116929,15.0
373,2.642672216602734,-inf,18.1,0,0.597,6.657,10.0,0.4236324120636134,24,6.501289670540389,20.2,70.8,4.606517122512408,17.2
374,2.9344418051108834,-inf,18.1,0,0.597,5.304,10.0,0.4407678998105515,24,6.501289670540389,20.2,70.8,5.862593282839941,17.9
375,3.35535586595285,-inf,18.1,0,0.597,5.304,10.0,0.4633565865239419,24,6.501289670540389,20.2,210.97,4.481071300481616,16.3
376,3.8231065421862525,-inf,18.1,0,0.693,5.304,10.0,0.5057326766999812,24,6.501289670540389,20.2,88.27,6.081118318204308,7.0
377,2.895060747382296,-inf,18.1,0,0.679,6.434,10.0,0.6068809804025369,24,6.501289670540389,20.2,70.8,5.389805191284746,7.2
378,2.3827077974677526,-inf,18.1,0,0.679,6.782,9.528903399657276,0.5985617380700774,24,6.501289670540389,20.2,70.8,5.078385570237849,7.5
379,3.2558093089214903,-inf,18.1,0,0.679,5.304,9.439279633531363,0.49925898739452523,24,6.501289670540389,20.2,127.36,5.1613951602255765,10.4
380,4.297749244207548,-inf,18.1,0,0.679,5.957,10.0,0.5892300671401723,24,6.501289670540389,20.2,70.8,4.540925015897091,8.8
381,2.469141361459595,-inf,18.1,0,0.718,6.824,8.74642784226795,0.5844477636366044,24,6.501289670540389,20.2,70.8,4.768647607026545,8.4
382,2.4058093284292976,-inf,18.1,0,0.718,6.411,10.0,0.6199849149309613,24,6.501289670540389,20.2,318.75,3.8755644750152203,16.7
383,1.9491320958628744,-inf,18.1,0,0.718,6.006,9.762171889492624,0.6283953033302484,24,6.501289670540389,20.2,319.98,3.96232255123179,14.2
384,2.488915271185359,-inf,18.1,0,0.614,5.648,9.359487165438072,0.6684445679195735,24,6.501289670540389,20.2,291.55,3.7549966711037173,20.8
385,1.9530871895177742,-inf,18.1,0,0.614,6.103,9.22496612459905,0.7039882037378201,24,6.501289670540389,20.2,70.8,4.825971404805461,13.4
386,2.173855865779787,-inf,18.1,0,0.584,5.565,8.402380615040002,0.7244035702104994,24,6.501289670540389,20.2,70.8,4.142463035441596,11.7
387,2.7638191315385248,-inf,18.1,0,0.679,5.896,9.767292357659825,0.6468937960424833,24,6.501289670540389,20.2,70.8,4.938623289946299,8.3
388,2.5052973394357343,-inf,18.1,0,0.584,5.837,7.726577508832744,0.6919464599834264,24,6.501289670540389,20.2,70.8,3.9610604640676716,10.2
389,3.6286489733637057,-inf,18.1,0,0.679,6.202,8.87130204648675,0.6221344133135258,24,6.501289670540389,20.2,70.8,3.81051177665153,10.9
390,1.9970254990402692,-inf,18.1,0,0.679,6.193,8.83742043811428,0.6604173559370264,24,6.501289670540389,20.2,96.73,4.638965401897281,11.0
391,2.2341874014951975,-inf,18.1,0,0.679,6.38,9.777525249264253,0.677119419482748,24,6.501289670540389,20.2,70.8,4.907137658554118,9.5
392,2.1391398522495066,-inf,18.1,0,0.584,6.348,9.279008567729637,0.7191559997409962,24,6.501289670540389,20.2,83.45,4.2,14.5
393,2.3087957667707584,-inf,18.1,0,0.584,6.833,9.710818709048171,0.7363024508738729,24,6.501289670540389,20.2,81.33,4.437341546466758,14.1
394,1.8631572244404297,-inf,18.1,0,0.584,6.425,8.648699324175862,0.7886391620191661,24,6.501289670540389,20.2,97.95,3.468429039204925,16.1
395,1.719380514282737,-inf,18.1,0,0.713,6.436,9.375499986667378,0.8397552001960356,24,6.501289670540389,20.2,100.19,4.0274061131204535,14.3
396,2.6328524045363078,-inf,18.1,0,0.713,6.208,9.746794344808963,0.7984976961677712,24,6.501289670540389,20.2,100.63,3.8948684188300895,11.7
397,2.412371798604752,-inf,18.1,0,0.74,6.629,9.726253132630262,0.7536306159394559,24,6.501289670540389,20.2,109.85,4.823898838076935,13.4
398,2.6686716088200084,-inf,18.1,0,0.74,6.461,9.6591925128346,0.6944463362915655,24,6.501289670540389,20.2,70.8,4.2485291572496005,9.6
399,2.7197943017259636,-inf,18.1,0,0.74,6.152,10.0,0.649299780779669,24,6.501289670540389,20.2,70.8,5.142956348249516,8.7
400,2.6157960136595606,-inf,18.1,0,0.74,5.935,9.375499986667378,0.5991661170890513,24,6.501289670540389,20.2,70.8,5.8326666285670745,8.4
401,2.2397123836213173,-inf,18.1,0,0.74,5.627,9.690201236300513,0.5972968549031111,24,6.501289670540389,20.2,396.9,4.7833042972405595,12.8
402,3.093362487269874,-inf,18.1,0,0.74,5.818,9.612491872558333,0.6239042778177846,24,6.501289670540389,20.2,391.45,4.702127178203499,10.5
403,2.274615567183416,-inf,18.1,0,0.74,6.406,9.85900603509299,0.7251786513906091,24,6.501289670540389,20.2,385.96,4.418144406874904,17.1
404,1.7345487010764669,-inf,18.1,0,0.74,6.219,10.0,0.6955443051596668,24,6.501289670540389,20.2,395.69,4.07308237088326,18.4
405,2.2992334826176704,-inf,18.1,0,0.74,6.485,10.0,0.6822884372250694,24,6.501289670540389,20.2,386.73,4.341658669218482,15.4
406,2.5496248422837064,-inf,18.1,0,0.74,5.854,9.828529900244492,0.6395354111112962,24,6.501289670540389,20.2,240.52,4.877499359302879,10.8
407,2.3676047483679747,-inf,18.1,0,0.74,6.459,9.736529155710468,0.6870788051583386,24,6.501289670540389,20.2,70.8,4.896937818678118,11.8
408,1.8386541873804634,-inf,18.1,0,0.74,6.341,9.818350166906862,0.7285143243972366,24,6.501289670540389,20.2,318.01,4.217819341792628,14.9
409,2.2950417131089202,-inf,18.1,0,0.74,6.251,9.828529900244492,0.7875478559814296,24,6.501289670540389,20.2,388.52,4.054626986542659,12.6
410,2.233137475268552,-inf,18.1,0,0.713,6.185,9.934787365615835,0.8160725273972436,24,6.501289670540389,20.2,396.9,4.257933771208753,14.1
411,2.018365020897442,-inf,18.1,0,0.713,6.417,9.91463564635635,0.7816158285475535,24,6.501289670540389,20.2,304.21,4.3943145085439665,13.0
412,1.9047488112503523,-inf,18.1,0,0.713,6.749,9.622889378975527,0.8431177071362403,24,6.501289670540389,20.2,70.8,4.17612260356422,13.4
413,1.6939885977369975,-inf,18.1,0,0.713,6.655,9.909591313469996,0.85662564955242,24,6.501289670540389,20.2,355.29,4.21070065428546,15.2
414,1.6273112288259213,-inf,18.1,0,0.713,6.297,9.581231653602787,0.8621301729147193,24,6.501289670540389,20.2,385.09,4.15571895103603,16.1
415,2.1099816583913045,-inf,18.1,0,0.713,7.135,9.964938534682489,0.897189458571754,24,6.501289670540389,20.2,375.87,4.091454509095756,17.8
416,2.2527255071970935,-inf,18.1,0,0.713,6.728,9.70051545022222,0.9147295138072007,24,6.501289670540389,20.2,70.8,4.325505750776434,14.9
417,1.5586434409821213,-inf,18.1,0,0.713,6.525,9.300537618869138,0.890275244670873,24,6.501289670540389,20.2,70.8,4.257933771208753,14.1
418,1.540908504959681,-inf,18.1,0,0.713,5.976,9.375499986667378,0.9480219300356085,24,6.501289670540389,20.2,70.8,4.360045871318328,12.7
419,2.104204883476155,-inf,18.1,0,0.713,5.936,8.96102672688794,1.0221631165047034,24,6.501289670540389,20.2,70.8,4.115823125451335,13.5
420,2.047980543910968,-inf,18.1,0,0.713,6.301,9.148770409186143,1.0235654143451984,24,6.501289670540389,20.2,272.21,4.028647415696738,14.9
421,1.9170946562051687,-inf,18.1,0,0.713,6.081,9.186947262284681,0.9997123400132274,24,6.501289670540389,20.2,396.9,3.8340579025361627,20.0
422,1.5711398135413612,-inf,18.1,0,0.713,6.701,9.486832980505138,0.9545494439912454,24,6.501289670540389,20.2,255.23,4.052159917870962,16.4
423,1.3064689215086058,-inf,18.1,0,0.713,6.376,9.402127418834526,0.9427768571099817,24,6.501289670540389,20.2,391.43,3.8275318418009276,17.7
424,1.8953564307380073,-inf,18.1,0,0.713,6.317,9.1104335791443,1.0059120333791893,24,6.501289670540389,20.2,396.9,3.7403208418530087,19.5
425,1.7614978367258425,-inf,18.1,0,0.713,6.513,9.481561052906848,1.0301906825494505,24,6.501289670540389,20.2,393.82,3.207802986469088,20.2
426,2.059152095906768,-inf,18.1,0,0.655,6.209,8.087026647662292,1.086337257792497,24,6.501289670540389,20.2,396.9,3.6359317925395684,21.4
427,1.1517106196631253,-inf,18.1,0,0.655,5.759,6.942621983083913,1.1205368460839014,24,6.501289670540389,20.2,334.4,3.7589892258425004,19.9
428,1.3283950846737085,-inf,18.1,0,0.655,5.952,9.20326029187483,1.0548345413222142,24,6.501289670540389,20.2,70.8,4.141255848169731,19.0
429,1.486655400195455,-inf,18.1,0,0.584,6.003,9.72111104761179,0.9322821842922008,24,6.501289670540389,20.2,331.29,4.6173585522460785,19.1
430,2.745712007483798,-inf,18.1,0,0.58,5.926,8.426149773176359,1.0676031017937646,24,6.501289670540389,20.2,368.74,4.257933771208753,19.1
431,2.570709658105296,-inf,18.1,0,0.58,5.713,7.52994023880668,1.0380480816933282,24,6.501289670540389,20.2,396.9,3.8418745424597094,20.1
432,1.4698976454871284,-inf,18.1,0,0.58,6.167,9.16515138991168,1.1096841026351594,24,6.501289670540389,20.2,396.9,4.036087214122113,19.9
433,1.3958510501498456,-inf,18.1,0,0.532,6.229,9.5236547606473,1.1311762795413725,24,6.501289670540389,20.2,395.33,3.5874782229304194,19.6
434,1.272195779518779,-inf,18.1,0,0.58,6.437,8.660254037844387,1.0635031115545417,24,6.501289670540389,20.2,393.37,3.789459064299283,23.2
435,1.5361981786369632,-inf,18.1,0,0.614,6.98,8.221921916437786,0.929364891361427,24,6.501289670540389,20.2,374.68,3.4146742157927745,29.8
436,2.0863910875491882,-inf,18.1,0,0.584,5.427,9.767292357659825,0.8878089494385047,24,6.501289670540389,20.2,352.58,4.259107887809371,13.8
437,1.855222412138693,-inf,18.1,0,0.584,6.162,9.869143833180262,0.7911809208313108,24,6.501289670540389,20.2,302.76,4.909175083453431,13.3
438,1.5833834229101753,-inf,18.1,0,0.614,6.484,9.674709297958259,0.8352108198234132,24,6.501289670540389,20.2,396.21,4.3220365569948616,16.7
439,2.7096089855662036,-inf,18.1,0,0.614,5.304,9.864076236526156,0.7422706225194976,24,6.501289670540389,20.2,349.48,4.990991885387112,12.0
440,2.3256177921046186,-inf,18.1,0,0.614,6.185,9.833615815151617,0.7749575557575112,24,6.501289670540389,20.2,379.7,4.246174749112429,14.6
441,2.6626134080936033,-inf,18.1,0,0.614,6.229,9.38083151964686,0.6684445679195735,24,6.501289670540389,20.2,383.32,3.6207733980463344,21.4
442,1.7619890279258779,-inf,18.1,0,0.532,6.242,8.043631020876083,1.2308678677885803,24,6.501289670540389,20.2,396.9,3.277193921634788,23.0
443,1.7419002338055392,-inf,18.1,0,0.532,6.75,8.654478609367523,1.2034826842367052,24,6.501289670540389,20.2,393.07,2.7820855486487113,23.7
444,1.7459179535187497,-inf,18.1,0,0.532,7.061,8.774964387392123,1.226888228896677,24,6.501289670540389,20.2,395.28,2.6476404589747453,25.0
445,1.036162251794904,-inf,18.1,0,0.532,5.762,6.348228099241551,1.410572253579414,24,6.501289670540389,20.2,392.92,3.2280024783137944,21.8
446,0.8664994667703585,-inf,18.1,0,0.583,5.871,6.473020933072903,1.3147983594148207,24,6.501289670540389,20.2,370.73,3.652396473549935,20.6
447,1.3011911623995625,-inf,18.1,0,0.583,6.312,7.20416546173115,1.384217205324691,24,6.501289670540389,20.2,388.62,3.2526911934581184,21.2
448,1.7390177579699948,-inf,18.1,0,0.583,6.114,8.933084573650918,1.2657920064647443,24,6.501289670540389,20.2,392.68,3.8704004960727256,19.1
449,1.576019692210814,-inf,18.1,0,0.583,5.905,7.293833011524188,1.1481323451315006,24,6.501289670540389,20.2,388.22,3.383784863137726,20.6
450,-1.8914030245566522,-inf,27.74,0,0.609,5.454,9.628083921528727,0.5993308843556605,4,6.566672429803241,20.1,395.09,4.249705872175156,15.2
451,-1.6962493094210638,-inf,27.74,0,0.609,5.414,9.91463564635635,0.5626967511758802,4,6.566672429803241,20.1,344.05,4.895916665957459,7.0
452,-1.5728167289784551,-inf,27.74,0,0.609,5.304,9.899494936611665,0.6002640530798894,4,6.566672429803241,20.1,318.43,5.447935388750494,8.1
453,-2.2467720281748327,-inf,27.74,0,0.609,5.983,9.939818911831342,0.624921871564379,4,6.566672429803241,20.1,390.11,4.250882261366456,13.6
454,-2.195346342324447,-inf,27.74,0,0.609,5.983,9.137833441248533,0.7466405529999453,4,6.566672429803241,20.1,396.9,3.653765181289022,20.1
455,-1.7526733805208532,-inf,9.69,0,0.585,5.707,7.3484692283495345,0.8678145184170403,6,5.968707559985366,19.2,396.9,3.4655446902326914,21.8
456,-1.2745025705164632,-inf,9.69,0,0.585,5.926,6.526867548832288,0.8678145184170403,6,5.968707559985366,19.2,396.9,3.6864617182333523,24.5
457,-1.7204253406237284,-inf,9.69,0,0.585,5.67,5.366563145999495,1.0291192921394758,6,5.968707559985366,19.2,393.29,4.1952353926806065,23.1
458,-1.2392546184705757,-inf,9.69,0,0.585,5.39,8.538149682454625,1.0291192921394758,6,5.968707559985366,19.2,396.9,4.59782557302906,19.7
459,-1.3153513923093252,-inf,9.69,0,0.585,5.794,8.402380615040002,1.0621903220341422,6,5.968707559985366,19.2,396.9,3.7549966711037173,18.3
460,-1.4307897610064546,-inf,9.69,0,0.585,6.019,8.080841540334768,0.8792532337715917,6,5.968707559985366,19.2,396.9,3.594440151122286,21.2
461,-1.726927241226568,-inf,9.69,0,0.585,5.569,8.573214099741124,0.8754270698191536,6,5.968707559985366,19.2,395.77,3.8858718455450894,17.5
462,-1.4944142358653185,-inf,9.69,0,0.585,6.027,8.927485648266257,0.9155704725496719,6,5.968707559985366,19.2,396.9,3.78549864614954,16.8
463,-2.7705108824448157,-inf,11.93,0,0.573,6.593,8.312640976248161,0.9076938846486369,2,5.60947179518496,21.0,391.99,3.1096623610932426,22.4
464,-3.09511071753427,-inf,11.93,0,0.573,6.12,8.757853618324527,0.8274595181675394,2,5.60947179518496,21.0,396.9,3.0133038346638727,20.6
465,-2.800823601254565,-inf,11.93,0,0.573,6.976,9.539392014169456,0.7735744296725598,2,5.60947179518496,21.0,396.9,2.3748684174075834,23.9
466,-2.211009149506836,-inf,11.93,0,0.573,6.794,9.44986772394196,0.8708330089493718,2,5.60947179518496,21.0,393.45,2.545584412271571,22.0
467,-3.04892210206811,-inf,11.93,0,0.573,6.03,8.988882021697693,0.9182887345368281,2,5.60947179518496,21.0,396.9,2.80713376952364,11.9
